text,true_emotion,predicted_emotion
"@DxfyingGrxvity - frustration, looking up at Elphaba in a frown of aggravation. Her high pitched voice was growing more and more --",anger,anger
"Ananya just grabbed a bible, opened it, started reading, and then said 'where do they talk about burning people?'",anger,fear
"@TrevorHMoore @paget_old In Scotland, the right-wingers are the most rabid anti-nationalists. Socialists are mostly in favour.",anger,anger
@LiamCannon1 He's just too raging to type properly... Ha ha!,anger,joy
"Is it me, or is Ding wearing the look of a man who's just found his arch enemy in bed with his missus? #angryman ",anger,anger
"You're so thirsty for the chance to disagree w/ the left, that you don't even realize when something is an affront to your bigoted platform.",anger,anger
For the first time in my madden career I just set up a farm account. Should make MOTM much easier,anger,joy
"@HomeSwapperteam  Spent months arranging swap , new jobs etc, now I've found out she's been leading me on a merry dance. #fuming with her",anger,anger
Sting is just too damn earnest for early morning listening. #sting,anger,anger
"Why to have vanity sizes?Now sizes S,XS(evenXXS sometimes) are too big, WTF?! Dear corporate jerks, Lithuania didn't need this. #rant #angry",anger,anger
@ArcticFantasy I would have almost took offense to this if I actually snapped you,anger,joy
"Taking umbrage because Jimmy Carr claimed that Bilbo Baggins went to Mordor on 8 out of 10 cats does Countdown. Know your Baggins', mate.",anger,anger
@RealJamesWoods @KennyCoble saddest part of this whole mess is that all of this #anger is #misdirected they should march 2 the #WhiteHouse,anger,anger
Everybody talking about 'the first day of fall' but summer '16 is never gonna die #revenge @Drake,anger,joy
"Me being on my dean really saving a lot of ppl, bc I don't snap nomore &amp; it take so much out of me..",anger,sadness
I think @Sam_Canaday &amp; @KYLEJDOWSON must actually have to be working like me &amp; @dowson_brady because I havent got any snap chat videos today,anger,sadness
Just joined #pottermore and was sorted into HUFFLEPUFF ğŸ˜¡ğŸ˜¡ğŸ˜¡ ,anger,anger
"I think our defense here at USC is playing well, we just need to fix a few things on offense and we can win the PAC 12 this year'",anger,joy
@DJ_JeanFranko growl!!!,anger,anger
"(Sam) Brown's Law: Never offend people with style when you can fake that, you have to break us in this Island.",anger,anger
Nothing worse than an uber driver that can't drive. ,fear,anger
@SAHARTHERAPPER I unfollowed without hesitation &lt;3,fear,joy
Dunno y am going to the Yorkshire scare grounds when I only lasted a minute in the Alton towers one before running out a fire exit crying,fear,fear
@mikefreemanNFL \nIsn't OBrien supposed to be some sort of offensive genius ,fear,anger
"By officialy adopting #BurhanWani, a #Hizbul terrorist, #Pakistan n #NawazSharif hv md a cardinal mistake 2day tht'll haunt fr years. #UNGA",fear,anger
An adviser to the #European #Unionâ€™s top #court said #Hamas and the #Tamil #Tigers should be taken off the EUâ€™s #terror list.#lka,fear,joy
@mikefreemanNFL \nIsn't OBrien supposed to be some sort of offensive genius #awful,fear,anger
The Apocalypse has hit our gym and it's  nothing what I thought it would be...\n\nEveryone is wearing vests! What if it's contagious? ,fear,fear
Southend players always haunt Man U,fear,anger
The moment you bring her to meet your best friend and you're nervous af! ğŸ˜¬ğŸ˜†  #thefriendtest,fear,joy
"Honestly, there are some awful people on the internet... smh...",fear,anger
@AttentiAlGatto LOL! Why would it scare me? It doesn't make any sense at all but it doesn't scare me! {chuckles},fear,joy
@CesarSampao @thisisbolton don't get me started on town centre. Used to go every week.... not been for 18 months #horrible,fear,sadness
Staff on @ryainair FR1005. Asked for info and told to look online. You get what you pay for. #Ryanair @STN_Airport #Compensation ,fear,anger
Thanks for ripping me off again #Luthansa â‚¬400 not enough for a one way flight to man from Frk then â‚¬30 for a bag then free at gate ,fear,anger
@RyanAbe awe yay thank god I was so worried.,fear,joy
Watching It Follows.  This is a super freaky movie.  #scary,fear,fear
When you're scared to press send #bgoodthepoet #PrayForMe #ThisIsAGodDream #career #help #fear #heart #HeartRacing,fear,fear
"Came in to work today 1.5 hours late.1st thing I hear: 'Ma'am,the big boss has been waiting for you in his office.' #panic #hateBeingLate ğŸ˜©ğŸ˜ª",fear,fear
About 7 weeks till I can pick up my camera again. Though I think there is a group cemetery shoot in october I can make! #photography ,fear,joy
"It's #HobbitDay! \nHobbit's give gifts on their birthdays, so I'm sharing the gift of #glee today! Find something that makes you happy!",joy,joy
@yungdoujin wouldn't that basically be sparkling water,joy,joy
[Moment of levity on the B41] Baby: I want ISIS! Give me ISIS!\nMom: Shh!\nBaby: I want ISIS!\nWest Indian woman: She wants what?\nMom: *Ices*.,joy,joy
@chencouture LMAO Is it that 'so slutty' hater girl? That video was hilarious. ğŸ˜‚,joy,joy
@Bridget_Jones was joyous. Worried I would be disappointed. Most definitely was not. #chickflick #giggles #comethefuckonbridget,joy,joy
"...at your age, the heyday in the blood is tame...' @TheArtofCharm #shakespeareaninsults #hamlet #elizabethan #williamshakespeare",joy,anger
It feels good to get outside for a minute and get some fresh air.  It's hard to stay cooped up inside all day ,joy,joy
"@PhilGlutting Hey There Phil Glutting thank you for following us, it's appreciated :) #smile",joy,joy
Sioux Valley wins home competitive #cheer invite with a score of 158. ...Dell Rapids second at 138,joy,joy
Val reminds me of one of the cheerful witches that looks after Aurora in Disneyâ€™s Sleeping Beauty. #GBBO,joy,joy
@bruins_514 @gorddownie @thehipdotcom It would be #TragicallyHip if they can #help @TOYSFORASMILE make #hospitalized  #sick #kids #smile ğŸ˜ŠâœŒâ¤,joy,joy
"TheNiceBot: IndyMN I thought the holidays could not get any more cheerful, and then I met you. #TheNiceBot #Ø§Ù„Ø®ÙØ¬ÙŠ",joy,joy
@hesham786 that's the spirit ,joy,joy
Somebody who has braved the storm is brewing. ,joy,anger
How can l rule my mind !!!!!! \nIt's hilarious that you can't ğŸ˜­ğŸ˜‘ğŸ˜®,joy,joy
The smell of freshly cut grass didn't even cheer me up...boy oh boy,joy,sadness
"I'm absolutely in love with Laurie Hernandez, she's so adorable and is always so cheerful!",joy,joy
@harrietemmett great minds think alike. #rejoice,joy,joy
@hesham786 that's the spirit #optimism,joy,joy
i was so embarrassed when she saw us i was like knvfkkjg she thinks we're stalkers n then she starts waving all cheerfully inviting us in ğŸ˜©,joy,sadness
"MC: what are you listen to these days?\nBogum: these days I feel gloomy, I listen to ccm (spiritual song) often.\n\nChurch oppa mode. :)",sadness,joy
@trashcami this cured my depression,sadness,joy
Should of stayed in Dubai ğŸ˜,sadness,sadness
"@LeePorter94 @DomMcGovern_ hi Dom I saw u at Notts county away, looking for 1 mufc away ticket will pay #blues",sadness,joy
Wow just watched Me Before You and it was seriously one of the most depressing movies of my life,sadness,sadness
If I had a little bit of extra money I would blow the whole paycheck and go to one of the two of @KygoMusic's concerts in LA. #serious,sadness,joy
It's basically a dead skin peel which sounds grim. But it literally gets rid of so much dead skin from your pores.,sadness,joy
This shit hurting my heart ğŸ˜ª that's how serious it is .,sadness,sadness
"@GRIPLIKEAVICE_ I wouldn't mind if it didn't you know, threaten my job when I disagree. Puts a damper on things.",sadness,anger
Chalk dance notation entree manchester inasmuch as corinthian products that discourage drag branding: ARwuEVfqv,sadness,anger
If you #invest in my new #film I will stop asking you to invest in my new film. #concessions #crime #despair #shortsightedness #celebrities,sadness,anger
@kayleighmcenany  @DonaldJTrumpJr Is that really all you can offer for those who sacrifice daily to keep you safe...? @kayleighmcenany #sad,sadness,sadness
@1johndes ball watching &amp; Rojo'd header was equally dreadful!!,sadness,anger
@OHSOVICTORIOUS_ @FaZeAdapt We all seen it coming.. it's sad. But her Instagram comments on her pics are funny. Adapts fans blew it up ğŸ˜‚ğŸ˜‚ğŸ˜‚,sadness,joy
Public products: high downhearted price tag consumer survey sum and substance: OVth,sadness,sadness
"Stars, when you shine,\nYou know how I feel.\nScent of the pine, \nYou know how I feel.\nFreedom is mine,\nI know how I feel.\nI'm feelin' good.",sadness,joy
amateur author Twitter might be the most depressing thing I've ever seen,sadness,sadness
"I'd rather laugh with the rarest genius, in beautiful alliance with his own being, where he kept his sadness. #melancholy",sadness,sadness
Folk Band 'Thistle Down' will be replaced by 'The Paul Edwards Quartet' at Laurel Bank Park Sat 24 11am - 3pm due to ill health #jazz #blues,sadness,sadness
@pmo100 @5liveSport .....I heard talk something is a miss. He looks weary.,sadness,sadness
